{"cameraMode":{"drawMode":0,"name":"Shaded","section":"Shading Mode"},"sceneLighting":true,"audioPlay":false,"sceneViewState":{"showFog":true,"showMaterialUpdate":true,"showSkybox":false,"showFlares":true,"showImageEffects":true,"showParticleSystems":true},"in2DMode":false,"pivot":{"x":272.5009765625,"y":313.191162109375,"z":-914.8651123046875},"rotation":{"x":0.1419583559036255,"y":-0.7757284641265869,"z":0.18810631334781648,"w":0.585416316986084},"size":334018.625,"orthographic":false}